insert into categoria (id, created_at, creator, updated_at, updater, nome) values (1, CURRENT_TIMESTAMP(), 'system', CURRENT_TIMESTAMP(), 'system', 'Informática');
insert into categoria (id, created_at, creator, updated_at, updater, nome) values (2, CURRENT_TIMESTAMP(), 'system', CURRENT_TIMESTAMP(), 'system', 'Escritório');
insert into categoria (id, created_at, creator, updated_at, updater, nome) values (3, CURRENT_TIMESTAMP(), 'system', CURRENT_TIMESTAMP(), 'system', 'Cama, mesa banho');
insert into categoria (id, created_at, creator, updated_at, updater, nome) values (4, CURRENT_TIMESTAMP(), 'system', CURRENT_TIMESTAMP(), 'system', 'Eletrônicos');
insert into categoria (id, created_at, creator, updated_at, updater, nome) values (5, CURRENT_TIMESTAMP(), 'system', CURRENT_TIMESTAMP(), 'system', 'Jardinagem');
insert into categoria (id, created_at, creator, updated_at, updater, nome) values (6, CURRENT_TIMESTAMP(), 'system', CURRENT_TIMESTAMP(), 'system', 'Decoração');
insert into categoria (id, created_at, creator, updated_at, updater, nome) values (7, CURRENT_TIMESTAMP(), 'system', CURRENT_TIMESTAMP(), 'system', 'Perfumaria');
insert into produto (id, created_at, creator, updated_at, updater, nome, preco) values (1, CURRENT_TIMESTAMP(), 'system', CURRENT_TIMESTAMP(), 'system', 'Computador', 2000.00);
insert into produto (id, created_at, creator, updated_at, updater, nome, preco) values (2, CURRENT_TIMESTAMP(), 'system', CURRENT_TIMESTAMP(), 'system', 'Impressora', 800.00);
insert into produto (id, created_at, creator, updated_at, updater, nome, preco) values (3, CURRENT_TIMESTAMP(), 'system', CURRENT_TIMESTAMP(), 'system', 'Mouse', 80.00);
insert into produto (id, created_at, creator, updated_at, updater, nome, preco) values (4, CURRENT_TIMESTAMP(), 'system', CURRENT_TIMESTAMP(), 'system', 'Mesa de escritório', 300.00);
insert into produto (id, created_at, creator, updated_at, updater, nome, preco) values (5, CURRENT_TIMESTAMP(), 'system', CURRENT_TIMESTAMP(), 'system', 'Toalha', 50.00);
insert into produto (id, created_at, creator, updated_at, updater, nome, preco) values (6, CURRENT_TIMESTAMP(), 'system', CURRENT_TIMESTAMP(), 'system', 'Colcha', 200.00);
insert into produto (id, created_at, creator, updated_at, updater, nome, preco) values (7, CURRENT_TIMESTAMP(), 'system', CURRENT_TIMESTAMP(), 'system', 'TV true color', 1200.00);
insert into produto (id, created_at, creator, updated_at, updater, nome, preco) values (8, CURRENT_TIMESTAMP(), 'system', CURRENT_TIMESTAMP(), 'system', 'Roçadeira', 800.00);
insert into produto (id, created_at, creator, updated_at, updater, nome, preco) values (9, CURRENT_TIMESTAMP(), 'system', CURRENT_TIMESTAMP(), 'system', 'Abajour', 100.00);
insert into produto (id, created_at, creator, updated_at, updater, nome, preco) values (10, CURRENT_TIMESTAMP(), 'system', CURRENT_TIMESTAMP(), 'system', 'Pendente', 180.00);
insert into produto (id, created_at, creator, updated_at, updater, nome, preco) values (11, CURRENT_TIMESTAMP(), 'system', CURRENT_TIMESTAMP(), 'system', 'Shampoo', 90.00);
insert into produto_categoria (produto_id, categoria_id) values (1, 1);
insert into produto_categoria (produto_id, categoria_id) values (2, 1);
insert into produto_categoria (produto_id, categoria_id) values (3, 1);
insert into produto_categoria (produto_id, categoria_id) values (2, 2);
insert into produto_categoria (produto_id, categoria_id) values (4, 2);
insert into produto_categoria (produto_id, categoria_id) values (5, 3);
insert into produto_categoria (produto_id, categoria_id) values (6, 3);
insert into produto_categoria (produto_id, categoria_id) values (1, 4);
insert into produto_categoria (produto_id, categoria_id) values (2, 4);
insert into produto_categoria (produto_id, categoria_id) values (3, 4);
insert into produto_categoria (produto_id, categoria_id) values (7, 4);
insert into produto_categoria (produto_id, categoria_id) values (8, 5);
insert into produto_categoria (produto_id, categoria_id) values (9, 6);
insert into produto_categoria (produto_id, categoria_id) values (10, 6);
insert into produto_categoria (produto_id, categoria_id) values (11, 7);
insert into estado (id, created_at, creator, updated_at, updater, nome) values (1, CURRENT_TIMESTAMP(), 'system', CURRENT_TIMESTAMP(), 'system', 'Minas Gerais');
insert into estado (id, created_at, creator, updated_at, updater, nome) values (2, CURRENT_TIMESTAMP(), 'system', CURRENT_TIMESTAMP(), 'system', 'São Paulo');
insert into cidade (id, created_at, creator, updated_at, updater, estado_id, nome) values (1, CURRENT_TIMESTAMP(), 'system', CURRENT_TIMESTAMP(), 'system', 1, 'Uberlândia');
insert into cidade (id, created_at, creator, updated_at, updater, estado_id, nome) values (2, CURRENT_TIMESTAMP(), 'system', CURRENT_TIMESTAMP(), 'system', 2, 'São Paulo');
insert into cidade (id, created_at, creator, updated_at, updater, estado_id, nome) values (3, CURRENT_TIMESTAMP(), 'system', CURRENT_TIMESTAMP(), 'system', 2, 'Campinas');
insert into cliente (id, created_at, creator, updated_at, updater, cpf_ou_cnpj, email, nome, tipo) values (1, CURRENT_TIMESTAMP(), 'system', CURRENT_TIMESTAMP(), 'system', '18379451015', 'email@example.com', 'Denis Oliveira', 1);
insert into endereco (id, created_at, creator, updated_at, updater, bairro, cep, cidade_id, cliente_id, complemento, logradouro, numero) values (1, CURRENT_TIMESTAMP(), 'system', CURRENT_TIMESTAMP(), 'system', 'Jardim', '265184865', 1, 1, 'Apto 303', 'Rua Flores', '300');
insert into endereco (id, created_at, creator, updated_at, updater, bairro, cep, cidade_id, cliente_id, complemento, logradouro, numero) values (2, CURRENT_TIMESTAMP(), 'system', CURRENT_TIMESTAMP(), 'system', 'Centro', '15263154', 1, 1, 'Sala 800', 'Avenida Matos', '105');
insert into telefone (cliente_id, telefones) values (1, '1562-1562');
insert into telefone (cliente_id, telefones) values (1, '7584-9568');
insert into pedido (id, created_at, creator, updated_at, updater, cliente_id, endereco_id, instante) values (1, CURRENT_TIMESTAMP(), 'system', CURRENT_TIMESTAMP(), 'system', 1, 1, CURRENT_TIMESTAMP());
insert into pagamento (created_at, creator, updated_at, updater, estado, pedido_id) values (CURRENT_TIMESTAMP(), 'system', CURRENT_TIMESTAMP(), 'system', 2, 1);
insert into pagamento_com_cartao (numero_de_parcelas, pedido_id) values (6, 1);
insert into pedido (id, created_at, creator, updated_at, updater, cliente_id, endereco_id, instante) values (2, CURRENT_TIMESTAMP(), 'system', CURRENT_TIMESTAMP(), 'system', 1, 2, CURRENT_TIMESTAMP());
insert into pagamento (created_at, creator, updated_at, updater, estado, pedido_id) values (CURRENT_TIMESTAMP(), 'system', CURRENT_TIMESTAMP(), 'system', 1, 2);
insert into pagamento_com_boleto (data_pagamento, data_vencimento, pedido_id) values (CURRENT_TIMESTAMP(), CURRENT_TIMESTAMP(), 2);
insert into item_pedido (desconto, preco, quantidade, pedido_id, produto_id) values (0, 2000.00, 1, 1, 1);
insert into item_pedido (desconto, preco, quantidade, pedido_id, produto_id) values (0, 80.00, 2, 1, 3);
insert into item_pedido (desconto, preco, quantidade, pedido_id, produto_id) values (100, 800.00, 1, 2, 2);
